epoch,accuracy,loss,mse,val_accuracy,val_loss,val_mse
0,0.6007905006408691,1.2531644105911255,0.13592086732387543,0.7407407164573669,0.6147921085357666,0.08746136724948883
1,0.9011857509613037,0.2949594557285309,0.037525199353694916,0.8888888955116272,0.3811698853969574,0.05141612887382507
2,0.9644268751144409,0.15506896376609802,0.01691315695643425,0.8888888955116272,0.3117792308330536,0.04164966940879822
3,0.9723320007324219,0.11349838227033615,0.011467190459370613,0.9259259104728699,0.303498774766922,0.0405866913497448
4,0.9881423115730286,0.09337858110666275,0.00832529179751873,0.9259259104728699,0.290067583322525,0.0403573215007782
